accuracy,precision,recall,f1_score,false_positive,false_negative,true_negative,true_positive,false_positive_rate,selection_score,ml_weight,rule_weight,threshold,model_name
0.9831243972999035,0.9803328290468987,0.9671641791044776,0.9737039819684448,13,22,1391,648,0.009259259259259259,0.9739217125562245,0.75,0.25,0.4,tuned_random_search
0.9831243972999035,0.9803328290468987,0.9671641791044776,0.9737039819684448,13,22,1391,648,0.009259259259259259,0.9739217125562245,0.8,0.19999999999999996,0.45,tuned_random_search
0.982642237222758,0.9803030303030303,0.9656716417910448,0.9729323308270676,13,23,1391,647,0.009259259259259259,0.9732284398996889,0.7,0.30000000000000004,0.4,tuned_random_search
0.982642237222758,0.9803030303030303,0.9656716417910448,0.9729323308270676,13,23,1391,647,0.009259259259259259,0.9732284398996889,0.85,0.15000000000000002,0.45,tuned_random_search
0.982642237222758,0.9788519637462235,0.9671641791044776,0.972972972972973,14,22,1390,648,0.009971509971509971,0.9730763359326736,0.8,0.19999999999999996,0.4,tuned_random_search
0.982642237222758,0.9745508982035929,0.9716417910447761,0.9730941704035875,17,19,1387,651,0.012108262108262107,0.9726352997664137,0.85,0.15000000000000002,0.4,tuned_random_search
0.9821600771456124,0.9802731411229135,0.9641791044776119,0.9721595184349134,13,24,1391,646,0.009259259259259259,0.9725345594868902,0.65,0.35,0.4,tuned_random_search
0.9821600771456124,0.9802731411229135,0.9641791044776119,0.9721595184349134,13,24,1391,646,0.009259259259259259,0.9725345594868902,0.75,0.25,0.45,tuned_random_search
0.9816779170684667,0.9802431610942249,0.9626865671641791,0.9713855421686747,13,25,1391,645,0.009259259259259259,0.9718400698824777,0.85,0.15000000000000002,0.5,tuned_random_search
0.9811957569913211,0.9802130898021308,0.9611940298507463,0.9706103993971364,13,26,1391,644,0.009259259259259259,0.9711449696463939,0.7,0.30000000000000004,0.45,tuned_random_search
0.9811957569913211,0.9802130898021308,0.9611940298507463,0.9706103993971364,13,26,1391,644,0.009259259259259259,0.9711449696463939,0.8,0.19999999999999996,0.5,tuned_random_search
0.9807135969141755,0.9801829268292683,0.9597014925373134,0.9698340874811463,13,27,1391,643,0.009259259259259259,0.9704492573338533,0.6,0.4,0.4,tuned_random_search
0.9807135969141755,0.9801829268292683,0.9597014925373134,0.9698340874811463,13,27,1391,643,0.009259259259259259,0.9704492573338533,0.65,0.35,0.45,tuned_random_search
0.9802314368370298,0.9801526717557252,0.9582089552238806,0.9690566037735849,13,28,1391,642,0.009259259259259259,0.9697529314953232,0.75,0.25,0.5,tuned_random_search
0.9802314368370298,0.9801526717557252,0.9582089552238806,0.9690566037735849,13,28,1391,642,0.009259259259259259,0.9697529314953232,0.85,0.15000000000000002,0.55,tuned_random_search
0.9797492767598843,0.9801223241590215,0.9567164179104478,0.9682779456193353,13,29,1391,641,0.009259259259259259,0.9690559906765007,0.7,0.30000000000000004,0.5,tuned_random_search
0.9797492767598843,0.9801223241590215,0.9567164179104478,0.9682779456193353,13,29,1391,641,0.009259259259259259,0.9690559906765007,0.8,0.19999999999999996,0.55,tuned_random_search
0.9787849566055931,0.9815384615384616,0.9522388059701492,0.9666666666666667,12,32,1392,638,0.008547008547008548,0.9678152825615511,0.75,0.25,0.55,tuned_random_search
0.9787849566055931,0.9815384615384616,0.9522388059701492,0.9666666666666667,12,32,1392,638,0.008547008547008548,0.9678152825615511,0.85,0.15000000000000002,0.6,tuned_random_search
0.9783027965284474,0.9800307219662059,0.9522388059701492,0.9659348978046934,13,32,1391,638,0.009259259259259259,0.9669614637232753,0.6,0.4,0.45,tuned_random_search
0.9768563162970106,0.9844236760124611,0.9432835820895522,0.9634146341463414,10,38,1394,632,0.007122507122507123,0.9653350109386941,0.6,0.4,0.5,tuned_random_search
0.9768563162970106,0.9814241486068112,0.9462686567164179,0.9635258358662614,12,36,1392,634,0.008547008547008548,0.9650165434311072,0.65,0.35,0.5,tuned_random_search
0.9768563162970106,0.9814241486068112,0.9462686567164179,0.9635258358662614,12,36,1392,634,0.008547008547008548,0.9650165434311072,0.8,0.19999999999999996,0.6,tuned_random_search
0.9754098360655737,0.9813374805598756,0.9417910447761194,0.9611576542269612,12,39,1392,631,0.008547008547008548,0.9629109298093167,0.7,0.30000000000000004,0.55,tuned_random_search
0.9758919961427194,0.9711246200607903,0.9537313432835821,0.9623493975903614,19,31,1385,639,0.013532763532763533,0.9625817152934959,0.65,0.35,0.45,baseline_default
0.9758919961427194,0.9682779456193353,0.9567164179104478,0.9624624624624625,21,29,1383,641,0.014957264957264958,0.9623100352512581,0.65,0.35,0.4,baseline_default
0.9758919961427194,0.9682779456193353,0.9567164179104478,0.9624624624624625,21,29,1383,641,0.014957264957264958,0.9623100352512581,0.7,0.30000000000000004,0.4,baseline_default
0.9754098360655737,0.9710806697108066,0.9522388059701492,0.9615674453654861,19,32,1385,638,0.013532763532763533,0.9618790466133766,0.7,0.30000000000000004,0.5,baseline_default
0.9754098360655737,0.9710806697108066,0.9522388059701492,0.9615674453654861,19,32,1385,638,0.013532763532763533,0.9618790466133766,0.75,0.25,0.55,baseline_default
0.9754098360655737,0.9710806697108066,0.9522388059701492,0.9615674453654861,19,32,1385,638,0.013532763532763533,0.9618790466133766,0.8,0.19999999999999996,0.55,baseline_default
0.9754098360655737,0.9710806697108066,0.9522388059701492,0.9615674453654861,19,32,1385,638,0.013532763532763533,0.9618790466133766,0.85,0.15000000000000002,0.6,baseline_default
0.9744455159112826,0.9843014128728415,0.935820895522388,0.9594491201224178,10,43,1394,627,0.007122507122507123,0.9618230376714135,0.65,0.35,0.55,tuned_random_search
0.9754098360655737,0.9682299546142209,0.9552238805970149,0.9616829451540195,21,30,1383,640,0.014957264957264958,0.9616073718328157,0.6,0.4,0.4,baseline_default
0.9754098360655737,0.9682299546142209,0.9552238805970149,0.9616829451540195,21,30,1383,640,0.014957264957264958,0.9616073718328157,0.7,0.30000000000000004,0.45,baseline_default
0.9754098360655737,0.9682299546142209,0.9552238805970149,0.9616829451540195,21,30,1383,640,0.014957264957264958,0.9616073718328157,0.75,0.25,0.45,baseline_default
0.9754098360655737,0.9682299546142209,0.9552238805970149,0.9616829451540195,21,30,1383,640,0.014957264957264958,0.9616073718328157,0.8,0.19999999999999996,0.45,baseline_default
0.9754098360655737,0.9682299546142209,0.9552238805970149,0.9616829451540195,21,30,1383,640,0.014957264957264958,0.9616073718328157,0.8,0.19999999999999996,0.5,baseline_default
0.9754098360655737,0.9682299546142209,0.9552238805970149,0.9616829451540195,21,30,1383,640,0.014957264957264958,0.9616073718328157,0.85,0.15000000000000002,0.5,baseline_default
0.9754098360655737,0.9668174962292609,0.9567164179104478,0.9617404351087772,22,29,1382,641,0.01566951566951567,0.9614752742217806,0.75,0.25,0.4,baseline_default
0.9749276759884281,0.9724770642201835,0.9492537313432836,0.9607250755287009,18,34,1386,636,0.01282051282051282,0.9613153776580365,0.6,0.4,0.5,baseline_default
0.9749276759884281,0.9710365853658537,0.9507462686567164,0.9607843137254902,19,33,1385,637,0.013532763532763533,0.9611757480272063,0.6,0.4,0.45,baseline_default
0.9749276759884281,0.9710365853658537,0.9507462686567164,0.9607843137254902,19,33,1385,637,0.013532763532763533,0.9611757480272063,0.65,0.35,0.5,baseline_default
0.973963355834137,0.9827586206896551,0.935820895522388,0.9587155963302753,11,43,1393,627,0.007834757834757835,0.9609578255847738,0.75,0.25,0.6,tuned_random_search
0.9749276759884281,0.9681818181818181,0.9537313432835821,0.9609022556390977,21,31,1383,639,0.014957264957264958,0.9609040786829474,0.75,0.25,0.5,baseline_default
0.9749276759884281,0.9681818181818181,0.9537313432835821,0.9609022556390977,21,31,1383,639,0.014957264957264958,0.9609040786829474,0.85,0.15000000000000002,0.55,baseline_default
0.973963355834137,0.98125,0.9373134328358209,0.9587786259541985,12,42,1392,628,0.008547008547008548,0.9607996491169131,0.85,0.15000000000000002,0.65,tuned_random_search
0.9749276759884281,0.9667673716012085,0.9552238805970149,0.960960960960961,22,30,1382,640,0.01566951566951567,0.9607719922967702,0.85,0.15000000000000002,0.45,baseline_default
0.9744455159112826,0.9738863287250384,0.9462686567164179,0.9598788796366389,17,36,1387,634,0.012108262108262107,0.9607536566737015,0.65,0.35,0.55,baseline_default
0.9749276759884281,0.9653614457831325,0.9567164179104478,0.9610194902548725,23,29,1381,641,0.01638176638176638,0.9606423741253775,0.8,0.19999999999999996,0.4,baseline_default
0.9744455159112826,0.9724349157733537,0.9477611940298507,0.9599395313681028,18,35,1386,635,0.01282051282051282,0.9606114535810021,0.7,0.30000000000000004,0.55,baseline_default
0.973963355834137,0.9738461538461538,0.9447761194029851,0.9590909090909091,17,37,1387,633,0.012108262108262107,0.9600491114744847,0.7,0.30000000000000004,0.6,baseline_default
0.973963355834137,0.9723926380368099,0.9462686567164179,0.9591527987897126,18,36,1386,634,0.01282051282051282,0.9599068965081572,0.75,0.25,0.6,baseline_default
0.973963355834137,0.9723926380368099,0.9462686567164179,0.9591527987897126,18,36,1386,634,0.01282051282051282,0.9599068965081572,0.8,0.19999999999999996,0.65,baseline_default
0.9744455159112826,0.9625187406296851,0.9582089552238806,0.9603590127150337,25,28,1379,642,0.017806267806267807,0.959686606200885,0.85,0.15000000000000002,0.4,baseline_default
0.9734811957569913,0.9738058551617874,0.9432835820895522,0.9583017437452616,17,38,1387,632,0.012108262108262107,0.9593439317336644,0.75,0.25,0.65,baseline_default
0.9734811957569913,0.9709035222052067,0.9462686567164179,0.9584278155706727,19,36,1385,634,0.013532763532763533,0.9590620576135437,0.8,0.19999999999999996,0.6,baseline_default
0.9734811957569913,0.9709035222052067,0.9462686567164179,0.9584278155706727,19,36,1385,634,0.013532763532763533,0.9590620576135437,0.85,0.15000000000000002,0.65,baseline_default
0.9725168756027001,0.9842022116903634,0.9298507462686567,0.9562547966231773,10,47,1394,623,0.007122507122507123,0.9590020857163036,0.7,0.30000000000000004,0.6,tuned_random_search
0.9729990356798457,0.9767080745341615,0.9388059701492537,0.9573820395738204,15,41,1389,629,0.010683760683760684,0.9589304481428214,0.6,0.4,0.55,baseline_default
0.9729990356798457,0.9767080745341615,0.9388059701492537,0.9573820395738204,15,41,1389,629,0.010683760683760684,0.9589304481428214,0.65,0.35,0.6,baseline_default
0.9725168756027001,0.9826771653543307,0.9313432835820895,0.9563218390804598,11,46,1393,624,0.007834757834757835,0.9588409879712092,0.8,0.19999999999999996,0.65,tuned_random_search
0.9725168756027001,0.9766718506998445,0.9373134328358209,0.9565879664889566,15,42,1389,628,0.010683760683760684,0.9582240369874078,0.7,0.30000000000000004,0.65,baseline_default
0.970106075216972,0.9840764331210191,0.9223880597014925,0.9522342064714946,10,52,1394,618,0.007122507122507123,0.9554615197562262,0.75,0.25,0.65,tuned_random_search
0.9691417550626809,0.9871382636655949,0.9164179104477612,0.9504643962848297,8,56,1396,614,0.005698005698005698,0.9543723590467453,0.6,0.4,0.55,tuned_random_search
0.9672131147540983,0.9870550161812298,0.9104477611940298,0.9472049689440993,8,60,1396,610,0.005698005698005698,0.9515236412803243,0.65,0.35,0.6,tuned_random_search
0.9643201542912246,0.9869281045751634,0.9014925373134328,0.9422776911076443,8,66,1396,604,0.005698005698005698,0.9472308841041576,0.7,0.30000000000000004,0.65,tuned_random_search
0.946480231436837,0.987783595113438,0.844776119402985,0.910699919549477,7,104,1397,566,0.004985754985754986,0.9203909744400791,0.65,0.35,0.65,baseline_default
0.946480231436837,0.9860869565217392,0.8462686567164179,0.9108433734939759,8,103,1396,567,0.005698005698005698,0.920216604761893,0.6,0.4,0.6,baseline_default
0.9445515911282546,0.9876977152899824,0.8388059701492537,0.9071832122679581,7,108,1397,562,0.004985754985754986,0.9174128270015367,0.6,0.4,0.65,baseline_default
0.944069431051109,0.9893992932862191,0.835820895522388,0.9061488673139159,6,110,1398,560,0.004273504273504274,0.9168447255336261,0.6,0.4,0.6,tuned_random_search
0.9421407907425265,0.9893238434163701,0.8298507462686567,0.9025974025974026,6,114,1398,556,0.004273504273504274,0.9138523283636685,0.65,0.35,0.65,tuned_random_search
0.9387656702025072,0.9909584086799277,0.817910447761194,0.8961569910057237,5,122,1399,548,0.0035612535612535613,0.9087700449810163,0.6,0.4,0.65,tuned_random_search
